Sentence Index,Ground Truth Labels,wnv645,dmr693,klr543,rvm681,mnf573,cbs154,xnq518,xlp113,rqv789,gnk487,nmx551,ckb257,vbr942,kdx409,ldw372,zvd607,kvh190,QPF823,shm302,gwn787,Dmc453,QKJ272,kpd426,HWP426,mzn741,rxq534,vjx192,qmf382,krw564,glq414,feature1,feature2,feature3,feature4,feature5,feature6,feature7,feature8,feature9,feature10,feature11,feature12,feature13,feature14,feature15,feature16,feature17,feature18,feature19,feature20,feature21,feature22,feature23,feature24,feature25,feature26,feature27,feature28,feature29
0,0,2,1,2,2,2,2,2,3,3,2,1,2,1,3,2,1,2,2,1,2,2,1,1,1,2,2,2,1,0,2,not much of anything,not much of anything,no movement,not much of anything,not much,not much of anything,not much of anything,not much of anything,not much of anything,not much of anything,-,"not much, no",not much of anything,"no movement, not much of anything","no, not","not much, no","no, not much of anything",not much of anything,"""not much of anything""",not much of anything,no movement,"""not much of anything""","""not much of anything""",not much of anything,not much of anything,not much of anything,no yuks,not much,not much of anything
1,0,3,4,1,1,1,1,1,1,5,5,2,1,1,1,1,5,1,1,1,1,1,2,2,1,1,1,4,3,4,2,sickly sweet,"a gob of drivel, retch it up",a gob of drivel so sickly sweet,sickly sweet,sickly sweet,so sickly sweet,"sickly sweet, even the eager consumers",retch it up,a gob of drivel,retch it up,"A gob of drivel so sickly sweet, retch it  up like rancid crème brûlée","retch, rancid, sickly sweet",so sickly sweet,"drivel, sickly sweet, retch, rancid",a gob of drivel,"rancid, sickly,","sickly, rancid","sickly sweet"", ""retch it up like rancid créme brûlée","""so sickly sweet"", ""even the eager consumers""",retch it up like rancid,retch,"""drivel"", ""sickly"", ""wretch""","""retch it up like rancid crème brûlée""",retch,a gob of drivel so sickly sweet,will retch it up,so sickly sweet,sickly sweet,"drivel, retch it upp"
2,0,3,2,1,1,1,3,1,1,1,1,2,1,1,2,2,2,2,2,2,1,1,1,2,1,1,1,1,1,1,1,unapologetic mess,"unapologetic mess, saving grace",gangs of new york is an unapologetic mess,unapologetic mess,unapologetic mess,unapologetic mess,blowing just about everything up,uappologetic mess,unapologetic mess,uappologetic mess,"unapologetic mess, blowing just about everything up",unapologetic mess,only saving grace,"unapologetic mess, only saving grace","unapologetic mess, only saving grace","unapologetic, mess, saving grace","gangs, unapologetic mess, blowing just about everything up",unapologetic mess,"""unapologetic mess""",unapologetic mess,mess,"""only saving grace""","""unapologetic mess""",an unapologetic mess,unapologetic mess,an unapologetic mess,unapologetic mess,unapologetic mess,unapologetic mess
3,0,2,3,2,2,2,2,1,2,2,3,2,2,2,3,2,1,3,2,2,2,2,2,2,2,3,2,2,3,0,2,abstract ideas,"never feel involved, abstract",we never really feel involved with the story,never really feel involved,never really feel involved,never really feel involved,never feel involved,never really feel,abstract ideas,never really feel,-,never really feel involved,never really feel involved with the story,never really feel involved,never really feel involved with the story,never,,we never really feel involved,"""never really feel invovled""",never really feel involved,never really feel involved,"""never really feel involved""","""never really feel involved"", ""abstract ideas""",,never really feel involved,never really feel involved,abstract ideas,never feel involved,never feel involved
4,1,5,5,4,5,5,5,5,5,5,5,5,5,5,5,5,5,4,5,4,5,5,5,5,5,4,5,5,5,5,5,one of polanski 's best films,one of best films,this is one of polanski 's best films .,best films,best,best films,best films,best films,best films,best films,best films,best films,one of polanski 's best films,best films,best films,best,best,best films,"""one of polanski's best films""",best films,best,"""best films""",""" best films""",best films,best,one of polanski 's best films,best films,best,one of best films
5,1,5,4,4,4,4,5,4,4,4,4,4,4,4,4,4,4,4,5,4,4,4,3,4,4,4,4,4,4,4,4,refreshingly different slice of asian cinema,refreshingly different,take care of my cat offers a refreshingly different slice of asian cinema .,refreshingly different,refreshingly,refreshingly,refreshingly,refreshingly different,refreshingly different slice,refreshingly different,refreshingly,refreshingly,refreshingly different,refreshingly different,refreshingly different,"refreshingly, offers",refreshingly different,refreshingly different slice,"""offers a refreshingly slice""",refreshingly different,refreshingly,"""refreshingly different""",""" refreshingly different""",refreshingly different,refreshingly,a refreshingly different,refreshingly,refreshingly different,refreshingly
6,0,2,3,2,2,3,2,2,4,4,4,3,2,5,2,3,3,2,2,1,2,2,4,2,2,2,2,3,3,1,3,almost makes `` never again '' worthwhile,almost makes worthwhile but,particularly by tambor,but,"`` never again '' worthwhile , but ","worthwhile, but",almost,"almost worthwhile, follow his titiular advice",makes `` never again '' worthwhile,"almost worthwhile, follow his titiular advice",almost makes `` never again '' worthwhile,"almost, should follow","worthwhile, should follow his titular advice","almost makes ""never again"" worthwhile",almost makes `` never again '' worthwhile,never again,worthwhile,almost makes 'never again' worthwhile,"""almost makes worthwhile""",,almost worthwhile,"""almost makes ''never again'' worthwhile""","""almost makes `` never again '' worthwhile, but """,,"almost, but","almost makes `` never again '' worthwhile , but",worthwhile,never again,almost makes worthwhile
7,1,3,4,4,4,4,4,4,4,3,3,4,4,4,4,4,4,4,5,4,3,2,4,4,4,4,4,4,4,3,3,fine acting,action and fine acting,the movie exists for its soccer action and its fine acting .,fine,fine acting,fine acting,fine acting,fine acting,fine acting,fine acting,fine acting,fine acting,fine acting,fine acting,"exists for its soccer action, fine acting",fine,,fine acting,"""its fine acting""",,fine acting,"""its fine acting""","""fine acting""",fine acting,fine acting,fine acting,fine acting,fine,fine acting
8,0,2,3,2,2,2,2,2,2,2,2,5,1,2,2,2,2,2,1,2,2,2,2,1,2,2,2,2,2,1,2,arnold 's jump from little screen to big will leave frowns on more than a few faces,will leave frowns on faces,arnold 's jump from little screen to big will leave frowns on more than a few faces .,frowns,frowns,leave frowns,leave frowns on more than a few faces,frowns,leave frowns,frowns,will leave frowns,frowns,leave frowns on more than a few faces,frown,will leave frowns,frowns,frowns,leave frowns on more than a few faces,"""will leave frowns""",will leave frowns on more than a few faces,frowns,"""will leave frowns""","""leave frowns on more than a few faces""",,frowns,will leave frowns on more than a few faces,frowns,frowns,leave frown
9,0,1,1,1,1,1,1,1,1,1,1,1,1,3,1,1,1,1,1,1,2,1,1,1,1,1,1,4,1,0,1,crap,"took the good stuff, left behind the crap",if this holiday movie is supposed to be a gift,left behind the crap,crap,crap,supposed to be a gift .. left behind the crap,crap,"good stuff , crap",crap,left behind the crap -lrb- literally -rrb- .,crap,took out all the good stuff,crap,crap,"crap, ","took out the good stuff, crap",Supposed to be a gift [...] took out all the good stuff,"""left behind the crap""","if this holiday movie is supposed to be a gift , somebody unwrapped it early , took out all the good stuff , and left behind the crap",crap,"""took out all the good stuff , and left behind the crap""","""took out all the good stuff , and left behind the crap""",,good stuff,"took out all the good stuff , and left behind the crap",crap,crap,"took out all the good stuff, the crap"
10,1,3,4,4,3,4,3,4,3,3,3,4,2,4,4,3,3,3,4,3,3,4,3,3,2,4,4,3,4,3,4,self-deprecating sense of humor makes up for a lot .,"cheesy effects, hoary plot, sense of humor makes up",but its macabre,makes up,makes up,makes up for a lot,makes up up for a lot,"cheesy, hoary, makes up for a lot",makes up for a lot,"cheesy, hoary, makes up for a lot",makes up for a lot,"cheesy, hoary","cheesy effects, makes up for a lot","cheesy effects, hoary plot, self-deprecating sense of humor","cheesy effects and a hoary plot, macabre , self-deprecating sense of humor makes up for a lot","cheesy, makes up","cheesy effects, hoary plot, macabre , self-deprecating sense of humor makes up for a lot","it's macabre, self-deprecatiing sense of humor makes up for a lot","""self-deprecating sense of humor""","but its macabre , self-deprecating sense of humor makes up for a lot .",makes up,"""makes up for a lot""","""cheesy effects and a hoary plot"", ""but [...] makes up for a lot""",,but,"its macabre , self-deprecating sense of humor makes up for a lot",makes up for a lot,makes up for a lot,makes up for a lot
11,0,1,1,1,2,1,1,2,1,2,1,1,1,2,2,1,1,2,1,1,1,2,1,1,1,2,1,2,1,0,1,this is lame .,this is lame,this is lame .,even,lame,lamp,lame,lame,lame,lame,this is lame,lame,this is lame,lame,lame,lame,lame,lame,"""lame horror flicks"", ""this is lame""",this is lame,lame,"""lame""","""even as [...], this is lame""",this is lame,lame,this is lame,lame,lame,lame
12,0,3,4,2,2,1,2,2,2,2,2,2,2,3,3,2,2,2,3,2,2,2,3,2,1,3,2,4,3,4,3,it actually has a bundle in common with them,the film diffuses every opportunity for a breakthrough,oft-described as the antidote to american pie-type sex comedies,diffuses every opportunity,diffuses every opportunity,diffuses every opportunity for a breakthrough,diffuses every opportunity for a breakthrough,diffuses every opportunity for breakthrough,a bundle in common with them,diffuses every opportunity for breakthrough,-,diffuses every oportunity,diffuses every opportunity for a breakthrough,diffuses every opportunity for a breakthrough,"bundle in common, diffuses every opportunity for a breakthrough","antidote, diffuses",,the film diffuses every opportunity for a breakthrough,"""oft-described as the antidote""",,breakthrough,"""the film diffuses every opportunity for a breakthrough""","""the film diffuses every opportunity for a breakthrough""",diffuses every opportunity for a breakthrough,breakthrough,diffuses every opportunity for a breakthrough,opportunity for a breakthrough,breakthrough,diffuses every opportunity for a breakthrough
13,1,3,4,4,2,4,3,5,4,3,3,3,3,4,3,4,4,4,3,3,4,4,3,2,4,4,4,2,4,4,4,full of off-the-cuff imaginative flourishes .,"though less than usual, imaginative flourishes",the film is typical miike : fast,full of,typical,typical miike,less sadistic than usual,,"fast , furious, imaginative flourishes",,-,flourishes,full of off-the-cuff imaginative flourishes,imaginative,typical miike,"fast, full, flourishes","typical miike, fast, furious, off-the-cuff imaginative flourishes","fast, furious and full of off-the-cuff imaginative flourishes","""far less sadistic"", ""the film is typical miike""",imaginative flourishes,fast,"""full of off-the-cuff imaginative flourishes""","""far less sadistic than usual "", ""full of off-the-cuff imaginative flourishes""",full of off-the-cuff imaginative flourishes,"though,  typical miike",full of off-the-cuff imaginative flourishes,"fast, furious",imaginative flourishes,"typical, fast furious, imaginative"
14,0,2,3,2,2,2,2,1,2,2,2,1,2,2,2,2,2,2,3,1,2,2,2,1,2,2,1,2,5,2,1,better written and of considerable more interest than the finished film,"when pre-shooting guidelines turns out to be better than film, bad sign",when a set of pre-shooting guidelines a director came up with for his actors turns out to be cleverer,bad sign,bad sign,bad sign,bad sign,bad sign,a bad sign,bad sign,bad sign,bad sign,bad sign,bad sign,"cleverer, better written, considerable more interest, a bad sign",bad,"out to be clevered, better written and of considerable more interest than the finished film , bad sign",that's a bad sign,"""that's a bad sign""",that 's a bad sign,bad sign,"""that's a bad sign""","""cleverer , better written and of considerable more interest than the finished film """,,bad sign,"considerable more interest than the finished film , that 's a bad sign",clever,bad sign,"better than finished, bad sign"
15,1,5,5,4,5,5,5,5,5,4,5,5,5,5,5,5,5,5,5,4,5,5,2,5,5,5,5,4,4,5,5,so lovingly and perceptively filmed that you can almost taste the desiccated air .,so lovingly and perceptively filmed,the passions aroused by the discord between old and new cultures are set against the strange,almost taste the desiccated air,lovingly and perceptively,almost taste,so lovingly and perceptively filmed,lovingly and perceptively,lovingly and perceptively,lovingly and perceptively,so lovingly and perceptively filmed,"lovingly, preceptively",so lovingly and perceptively filmed,"stark beauty, lovingly and perceptively filmed",lovingly and perceptively filmed that you can almost taste the desiccated air,"passions, beauty, lovingly, perceptively","passions, lovingly and perceptively filmed",so lovingly and perceptively filmed,"""you can almost taste the desiccated air""",so lovingly and perceptively filmed that you can almost taste the desiccated air .,lovingly,"""so lovingly and perceptively filmed""","""the passions aroused by"", ""so lovingly and perceptively filmed""",stark beauty,so lovingly,so lovingly and perceptively filmed,loving,lovingly and perceptively filmed,"lovingly, perceptively"
16,1,4,4,4,4,5,4,4,5,4,4,5,4,1,4,5,4,4,5,4,5,4,3,4,5,4,4,4,2,4,5,this is your ticket .,"if you 're a connoisseur of psychological horror , this is your ticket",if you 're a connoisseur of psychological horror,this is your ticket,this is your ticket,your ticket,this is your ticket,this is your ticket,slasher films and gorefests,this is your ticket,this is your ticket,this is your ticket,this is your ticket,this is your ticket,this is your ticket,"gorefests, connoisseur",", have n't been dulledby, connoisseur of, your ticket","if you're a coonisseaur of psychological horror, this is your ticket.","""this is your ticket""",this is your ticket,your ticket,"""connoisseur""","""if you 're a connoisseur of psychological horror , this is your ticket""","if you 're a connoisseur of psychological horror , this is your ticket .",this is your ticket,this is your ticket,gorefests,this is your ticket,connoisseur
17,0,2,2,1,1,1,1,1,2,2,2,2,2,1,2,1,1,2,2,2,1,1,2,1,1,2,1,2,3,0,1,any one episode of the sopranos would send this ill-conceived folly to sleep with the fishes .,ill-conceived,any one episode of the sopranos would send this ill-conceived folly to sleep with the fishes .,ill-conceived folly,folly,ill-conceived folly,ill-conceived folly to sleep,ill-concieved,ill-conceived folly,ill-concieved,send this ill-conceived folly to sleep with the fishes,Ill-conceived,ill-conceived folly,to sleep,ill-conceived folly to sleep with the fishes,"sleep, ill-conceived",send this ill-conceived folly to sleep with the fishes,ill-conceived folly,"""send this ill-conveicved folly to sleep""",would send this ill-conceived folly to sleep with the fishes,ill-conceived,"""ill-conceived folly""","""ill-conceived folly """,ill-conceived folly,ill-conceived folly,ill-conceived folly,sleep,ill-conceived folly,ill-conceived folly
18,0,1,3,2,1,2,2,2,2,2,1,3,2,2,2,2,4,2,3,2,2,2,3,2,1,2,2,2,2,1,3,thrown at actors charged with the impossible task of making them jell .,little more than,as conceived by mr. schaeffer,impossible task,impossible task,impossible task,little more,little more,collections of quirky traits,little more,impossible task of making them jell,quirky traits,making them jell,"little more, impossible task","as conceived by mr. schaeffer , christopher and grace are little more than collections of quirky traits lifted from a screenwriter 's outline and thrown at actors charged with the impossible task of making them jell .","jell, quirky",little more than,are little more than collections of quirky traits,"""impossible task""",,impossible task,"""actors charged with the impossible task""","""collections of quirky traits lifted from a screenwriter 's outline and thrown at actors"", ""impossible task of [...]""",,impossible task,are little more than collections of quirky traits,llittle more than collections,quirky traits,quirky
19,0,4,4,3,3,3,1,2,4,3,3,4,3,1,3,3,4,2,4,3,3,3,2,3,3,3,2,3,1,4,2,those who managed to avoid the deconstructionist theorizing of french philosopher jacques derrida in college can now take an 85-minute brush-up course with the documentary derrida .,managed to avoid,those who managed to avoid the deconstructionist theorizing of french philosopher jacques derrida in college can now take an 85-minute brush-up course with the documentary derrida .,brush-up course,brush-up course,brush-up course,brush-up,,an 85-minute brush-up course,,-,,documentary derrida,managed to avoid,brush-up course with the documentary derrida,deconstructionist,,brush-up course with the documentary derrida,"""85-minute brush up course""",those who managed to avoid the deconstructionist theorizing of french philosopher jacques derrida in college can now take an 85-minute brush-up course with the documentary derrida .,brush-up,"""brush-up course""","""managed to avoid "",  ""can now take an 85-minute brush-up course""",,can now,those who managed to avoid,documentary derrida,brush-up,
20,1,3,4,3,3,4,3,4,4,4,4,3,3,4,4,2,2,3,3,3,3,4,4,4,3,3,4,5,4,3,3,bright sheen,most new movies have,most new movies have a bright sheen .,bright sheen,bright sheen,bright sheen,have,,bright sheen,,bright sheen,,a bright sheen,bright sheen,most new movies have a bright sheen .,"bright, sheen, new",,bright sheen,"""bright sheen""",,bright sheen,"""most""","""most new movies""",,bright sheen,a bright sheen,bright sheen,bright sheen,bright sheen
21,0,2,2,2,2,2,2,2,2,2,2,2,4,3,3,2,3,2,2,2,2,2,3,2,2,2,2,2,4,2,1,does not necessarily make for persuasive viewing,does not make for persuasive viewing,but what saves lives on the freeway does not necessarily make for persuasive viewing .,does not necessarily,not necessarily make for persuasive viewing,not necessarily make for persuasive viewing,persuasive,not make for persuasive viewing,does not necessarily,not make for persuasive viewing,-,not necessarily make for persuasive viewing,but,not necessarily make for,does not necessarily make for persuasive viewing,not,does not necessarily make for,does not necessarily make for persuasive viewing,"""not necessarily make for persuasive viewing""",does not necessarily make for persuasive viewing,does not necessarily make for persuasive viewing,"""persuasive viewing""","""does not necessarily make for persuasive viewing""",does not necessarily make for persuasive viewing,does not necessarily,does not necessarily make for persuasive viewing,saves lives,make for persuasive viewing,not persuasive viewing
22,1,4,3,4,2,5,2,4,4,3,3,4,3,2,3,4,4,3,5,4,3,4,3,3,3,4,5,3,4,5,4,steve irwin 's method is ernest hemmingway at accelerated speed and volume .,accelerated speed and volume,steve irwin 's method is ernest hemmingway at accelerated speed and volume .,ernest,method,method,accelerated speed and volume,,accelerated speed and volume,,-,,ernest,accelerated speed and volume,ernest hemmingway at accelerated speed and volume,accelerated,,is ernest hemmingway at accelated speed and volume,"""method is ernest""",ernest hemmingway at accelerated speed and volume,accelarted speed and volume,"""hemmingway at accelerated speed and volume""","""hemmingway at accelerated speed and volume""",,,ernest hemmingway at accelerated speed and volume,speed and volume,ernest hemmingway at accelerated speed and volume,hemingway accelerated
23,1,4,4,4,4,4,5,4,4,4,4,4,4,4,4,4,5,4,5,4,4,4,5,4,4,4,4,5,4,4,4,nicely serves as an examination of a society in transition .,nicely serves,nicely serves as an examination of a society in transition .,nicely,nicely,nicely serves,nicely,nicely,nicely,nicely,nicely serves,nicely serves,nicely,nicely serves,nicely serves,nicely,nicely,nicely,"""nicely serves""",nicely serves,nicely,"""nicely serves as""","""nicely serves as""",nicely serves as an examination,nicely,nicely serves,nicely,nicely serves,nicely
24,0,1,2,2,1,1,1,1,2,1,1,1,1,1,2,2,1,2,2,2,1,1,2,1,1,2,1,4,1,0,1,where viewers would be free to leave,free to leave,where viewers would be free to leave .,free to leave,free to leave,free to leave,would work much better .. free to leave,free to leave,be free to leave,free to leave,would be free to leave,"work better, free to leave",viewers would be free to leave,free to leave,free to leave,leave,viewers would be free to leave,where viwers would be free to leave,"""video installation in a museum"", ""viewers would be free to leave""",viewers would be free to leave,free to leave,"""would work much better""","""would work much better as"", ""viewers would be free to leave""",where viewers would be free to leave .,much better,viewers would be free to leave,free to leave,free to leave,viewers would be free to leave
25,0,1,2,2,1,1,1,2,1,1,1,1,2,2,2,2,1,2,1,1,1,1,2,1,1,2,1,2,2,0,1,even vaguely interested in his bratty character .,"none of the charm or charisma, bratty",culkin exudes none of the charm or charisma that might keep a more general audience even vaguely interested in his bratty character .,none of the,none of the charm,none of the charm or charisma,exudes none of the charm or charisma,none of the charm,none of the charm,none of the charm,vaguely interested,"none of the charm, vaguely",bratty,non of the charm,none of the charm or charisma,"none, bratty",none of the charm or charisma,exudes none of the charm or charisma,"""vaguely interested""",bratty character,vaguely interested,"""exudes none of the charm or charisma""","""exudes none of the charm or charisma"", ""even vaguely interested"", ""his bratty character""",none of the charm or charisma,none of the charm,none of the charm or charisma that might keep a more general audience even vaguely interested,bratty character,even vaguely interested,"none of the charm and charisma, even vaguely interested"
26,0,1,3,2,2,2,1,2,2,2,2,3,1,2,2,2,1,2,1,1,1,2,3,2,1,3,2,2,1,1,2,the whole thing plays out with the drowsy heaviness of synchronized swimmer wearing a wool wetsuit .,drowsy heaviness,the whole thing plays out with the drowsy heaviness of synchronized swimmer wearing a wool wetsuit .,drowsy heaviness,heaviness of synchronized,plays out,heaviness,drowsy heaviness,drowsy heaviness,drowsy heaviness,drowsy heaviness,drowsy heaviness,drowsy heaviness,drowsy heavyiness,drowsy heaviness of synchronized swimmer wearing a wool wetsuit,drowsy,drowsy heaviness of synchronized swimmer wearing a wool wetsuit,plays out with drowsy heaviness,"""wearing a wool wetsuit""",drowsy heaviness,drowsy heaviness,"""plays out with the drowsy heaviness""","""drowsy heaviness of""",plays out with the drowsy heaviness,drowsy heaviness,drowsy heaviness,drowsy heavyness,drowsy heaviness,drowsy heaviness
27,1,4,4,4,4,4,3,4,4,3,4,4,4,4,4,4,4,4,5,3,4,4,2,4,4,4,4,4,3,3,5,"not a cozy or ingratiating work , but it 's challenging , sometimes clever , and always interesting , and those are reasons enough to see it .","no ingratiating work, but reasons enough to see it",not a cozy or ingratiating work,reasons enough,enough to see it,reasons enough to see it,"it 's challenging , sometimes clever , and always interesting","clever, interesting","challenging , clever , interesting","clever, interesting","it 's challenging, sometimes clever , and always interesting","clever, interesting","always interesting, not a cozy or ingratiating work","challenging, sometimes clever, interesting","challenging, clever,  always interesting","not, clever, interesting","challenging, sometimes clever, always interesting","sometimes clever, and always interesting","""not a cozy or ingratiating work""",but it 's challenging,interesting,"""sometimes clever , and always interesting""","""but it's challenging , sometimes clever , and always interesting"", ""those are reasons enough to see it """,always interesting,always interesting,those are reasons enough to see it,sometimes clever,always interesting,"not a cozy, clever, interesting"
28,0,1,2,2,1,1,1,2,2,2,2,2,1,1,2,1,1,2,1,1,2,2,2,2,1,2,2,4,5,1,1,but the film must have been written ... in the thrall of a vicious hangover .,written in the thrall of hangover,the premise for this kegger comedy probably sounded brilliant four six-packs and a pitcher of margaritas in,vicious hangover,written ... in the thrall of a vicious hangover,thrall of a vicious hangover,but the film must have been written ... in the thrall of a vicious hangover,written in [...] a vicious hangover,thrall of a vicious hangover,written in [...] a vicious hangover,in the thrall of a vicious hangover,probably sounded brilliant,in the thrall of a vicious hangover,vicious hangover,must have been written ... in the thrall of a vicious hangover,hangover,"probably soundad brilliant, film must have been written ... in the thrall of a vicious hangover",must have been written ... in the thrall of a vicious hangover,"""written in a thrall of a vicious hangover""",written ... in the thrall of a vicious hangover,vicious hangover,"""written ... in the thrall of a vicious hangover""","""probably sounded brilliant four six-packs and a pitcher of margaritas in"",  ""the film must have been written ... in the thrall of a vicious hangover""",,sounded brilliant,must have been written ... in the thrall of a vicious hangover,four six-packs,vicious hangover,must have been written in the thrall of a visious hangover
29,1,4,4,4,4,5,2,5,4,4,4,4,4,4,5,4,4,4,5,4,4,4,4,4,4,4,4,4,5,4,5,it 's a pleasure,griping about,it 's a pleasure to see seinfeld griping about the biz with buddies chris rock,pleasure,pleasure to see,a pleasure to see,pleasure,pleasure,pleasure,pleasure,it 's a pleasure,pleasure,a pleasure,pleasure,pleasure,pleasure,pleasure,pleasure,"""it's a pleasure to see""",it 's a pleasure to see,pleasure,"""pleasure to see""","""it 's a pleasure to see"", ",it 's a pleasure to see,pleasure,a pleasure to see,pleasure,pleasure,pleasure
30,1,4,4,4,2,4,4,4,4,4,4,4,4,3,4,4,3,4,5,5,5,4,4,5,5,4,5,3,5,4,4,a genre movie that delivers,a movie that delivers,finally,finally,finally,a genre movie that delivers,a genre movie that delivers,"finaly, delivers",no less,"finaly, delivers",finally,"delivers, no less",genres,delivers,"finally , a genre movie that delivers","delivers, no less, finally",genre movie that delivers,a genre movie that delivers,"""a genre movie that delivers"", ""in a couple of genres""",delivers -- in a couple of genres,delivers,"""finally , a genre movie that delivers""","""genre movie that"", ""in a couple of genres , no less""",that delivers,no less,"that delivers -- in a couple of genres , no less",that delivers,delivers,"finally, delivers"
31,0,4,4,3,2,1,2,2,4,3,3,2,2,2,1,2,2,2,4,3,2,1,5,2,3,2,2,2,2,1,4,solaris is its big-budget brother .,"murkiest, self-indulgent pictures",the low-budget full frontal was one of the year 's murkiest,big-budget,intentionally obscure,one of the year 's murkiest,"murkiest , intentionally obscure and self-indulgent",murkiest,"murkiest , intentionally obscure, self-indulgent",murkiest,"murkiest , intentionally obscure and self-indulgent pictures",,murkiest,self-indulgent,solaris is its big-budget brother,"low-budget, murkiest, obscure",self-indulgent,"murkiest, intentionally obscure and self-indulgent pictures","""on eof the years murkiest""","one of the year 's murkiest , intentionally obscure and self-indulgent pictures",self-indulgent,"""murkiest"", ""obscure"", ""self-indulgent""","""murkiest , intentionally obscure and self-indulgent"", ""solaris is its big-budget brother""","one of the year 's murkiest , intentionally obscure and self-indulgent pictures",self-indulgent,self-indulgent,low-budget,murkiest,"murkiest, obscure"
32,1,4,5,5,5,5,5,5,5,4,4,5,5,4,5,5,4,5,5,4,5,5,4,5,5,5,5,5,5,5,5,exquisitely acted and masterfully if preciously interwoven,"exquisitely acted, masterfully addresses in a fascinating, intelligent manner",intelligent manner the intermingling of race,fascinating,"fascinating , intelligent",exquisitely acted and masterfully,masterfully,"exquisite, masterfully, facinating, intelligent","fascinating , intelligent manner","exquisite, masterfully, facinating, intelligent","exquisitely acted and masterfully if preciously interwoven, addresses in a fascinating , intelligent manner","exquisitely, fascinating, intelligent",exquisitely acted and masterfully,"exquisitely acted, fascinating, intelligent",exquisitely acted and masterfully if preciously interwoven,"masterfully, fascinating, intelligent","exquisitely, masterfully, preciously, fasctinating, intelligent",exquisitely acted and masterfully,"""masterfully"", ""exquisitely acted""",exquisitely acted and masterfully if preciously interwoven,fascinating,"""exquisitely acted""","""exquisitely acted"", ""masterfully if preciously interwoven"", ""addresses in a fascinating , intelligent manner""",exquisitely acted,"ascinating , intelligent",exquisitely acted and masterfully if preciously interwoven,exquisitely,fascinating,"exquisitely acted, masterfully"
33,1,4,5,4,5,5,4,4,4,5,5,4,5,5,5,5,2,4,5,4,5,4,2,4,5,4,5,4,4,5,5,"an enthralling , playful film","enthralling playful film, constantly frustrates ",an enthralling,enthralling,"enthralling , playful","enthralling , playful film",enthralling,"enthralling, blessing","an enthralling , playful film","enthralling, blessing","an enthralling , playful film","enthralling, playful",doubtless give his blessing to .,"enthralling, give his blessing to","enthralling, playful","playfull, doubtless","enthralling, playful, derrida would doubtless give his blessing","enthralling, playfull film","""frustrates""","an enthralling , playful film",playful,"""enthralling , playful film""","""enthralling , playful"", ""derrida would doubtless give his blessing""","an enthralling , playful film","enthralling , playful","an enthralling , playful film",playful,enthralling,"enthralling, playful, would give blessing"
34,1,4,5,5,5,5,5,5,5,5,5,5,5,2,5,5,5,4,5,4,5,5,5,4,5,5,5,5,5,5,5,"as a singular character study , it 's perfect .",it's perfect,as a singular character study,perfect,perfect,perfect,perfect,perfect,singular character,perfect,it´s perfect,perfect,perfect,perfect,it 's perfect,"singular, perfect",perfect,it's perfect,"""it's perfect""",it 's perfect,perfect,"""it 's perfect .""","""it 's perfect""",it 's perfect .,perfect,it 's perfect,perfect,perfect,perfect
35,1,5,3,3,4,4,4,4,3,3,3,3,3,3,3,4,3,3,5,4,4,3,3,4,4,3,3,2,4,3,4,haneke challenges us to confront the reality of sexual aberration .,challenges us,haneke challenges us to confront the reality of sexual aberration .,confront,reality,challenges us to confront the reality,challenges us,,confront the reality,,-,challenges us,challenges,challenges,challenges us to confront the reality,"challenges, sexual",,confront the reality of sexual aberration,"""confront the reality""",challenges us to confront the reality of sexual aberration,challenges us,"""challenges us""","""challenges us to"", ""confront the reality of""",challenges us to confront,sexual aberration,challenges us,reality,challenges,challenges us to confront the reality
36,1,4,2,5,2,5,3,4,4,4,4,4,5,1,2,4,5,4,5,4,5,4,2,5,5,4,4,5,2,5,1,an experience so engrossing,an experience so engrossing it is like being buried,an experience so engrossing it is like being buried in a new environment .,engrossing,engrossing,so engrossing,experience so engrossing,engrossing,being buried,engrossing,an experience so engrossing,so engrossing,engrossing,engrossing,an experience so engrossing,"experience, new",engrossing,an experience so engrossing,"""like being buried in a new environment""",an experience so engrossing,engrossing,"""so engrossing""","""so engrossing "", ""like being buried""",so engrossing,engrossing,an experience so engrossing,engrossing,engrossing,engrossing
37,1,4,4,4,4,5,4,5,4,5,5,4,5,5,5,4,4,4,5,4,5,4,5,4,5,4,5,5,5,5,5,all the performances are top notch,performances are top notch,once you get through the accents,though still positive,top notch,top notch,top notch and positive,top notch,top notch,top notch,all the performances are top notch,"top notch, emotional, positive","top notch, positive","top notch, positive","top notch, emotional , though still positive , wrench of a sit","top notch, emotional, positive","top notch, positive",though still positive,"""top notch""",all the performances are top notch,still positive,"""performances are top notch""","""all the performances are top notch"", ""emotional , though still positive""",all the performances are top notch,top notch,all the performances are top notch,top notch,top notch,top notch
38,1,3,4,4,1,1,1,4,4,3,3,4,1,1,2,4,5,3,3,4,1,3,1,1,4,5,4,4,5,0,4,the most aggressively nerve-wracking and screamingly neurotic romantic comedy in cinema history .,the most nerve-wracking and screamingly neurotic in history,a cockamamie tone poem pitched precipitously between swoony lyricism and violent catastrophe ... the most aggressively nerve-wracking and screamingly neurotic romantic comedy in cinema history .,the most,precipitously,precipitously,between swoony lyricism and violent catastrophe,"cockamamie, nerve-wracking",most aggressively nerve-wracking and screamingly neurotic,"cockamamie, nerve-wracking",between swoony lyricism and violent catastrophe,swoony,most aggressively nerve-wracking and screamingly neurotic romantic comedy,"nerve-wracking, neurotic","cockamamie, precipitously, neurotic romantic comedy","romantic, aggressively",the most aggressively nerve-wracking and screamingly neurotic romantic comedy in cinema history,romantic comedy in cinema history,"""violent catastrophe""",the most aggressively nerve-wracking and screamingly neurotic romantic comedy,catastrophe,"""in cinema history""","""the most aggressively nerve-wracking and screamingly neurotic romantic comedy in cinema history""",violent catastrophe,the most aggressively nerve-wracking,cockamamie tone,nerve-wracking,most aggressively nerve-wracking,the most nerve-wracking
39,0,3,3,3,3,3,3,2,2,3,3,3,3,3,3,2,3,2,3,3,3,3,3,2,3,2,2,2,3,3,3,i do n't have an i am sam clue .,I don't have clue,i do n't have an i am sam clue .,do n't have,don't have,I don't have,no clue,,don't have,,-,,,?,i do n't have an i am sam clue .,,,i don't have,"""I don't have""",,I don't have a clue,"""i don't have""","""i do n't have "",  ""clue""",,don't,do n't have an i am sam clue,clue,clue,i don't have a clue ?
40,1,5,3,4,4,4,5,4,4,3,3,4,5,4,4,4,4,4,5,4,5,4,4,4,4,4,5,4,4,4,5,"delivers warm , genuine characters","delivers warm, genuine characters",genuine characters who lie not through dishonesty,"warm , genuine characters",delivers,delivers,delivers,"warm, genuine","warm , genuine characters","warm, genuine","delivers warm , genuine characters","warm, genuine","warm , genuine characters","warm, genuine","warm , genuine characters","genuine, happiness","delivers warm , genuine characters","delivers warm, genuine characters","""delivers warm, genuine characters""","warm , genuine characters",genuine characters,"""warm , genuine characters""","""warm , genuine characters "", ",genuine characters,"warm , genuine","warm , genuine characters",genuinely,"warm,genuine","delivers warm, genuine characters"
41,1,2,3,4,4,2,4,4,4,5,5,4,4,5,4,3,4,3,5,4,4,4,3,4,4,4,4,4,4,3,5,anybody who still retains a soft spot for precollegiate humor,"they'll register strongly, anybody still retains a soft spot",but they 'll register strongly with anybody who still retains a soft spot for precollegiate humor .,strongly,register strongly,register strongly,a soft spot for precollegiate humor,register strongly,register strongly,register strongly,they 'll register strongly,"Register strongly, soft spot","pleasures, fleeting","may be fleeting, register strongly",register strongly,"humor, soft spot","pleasures fleeting, register strongly with anybody who still retains a soft spot for precollegiate humor",register strongly,"""precollegiate humor"", ""the pleasures""",register strongly with anybody who still retains a soft spot for precollegiate humor,soft spot,"""register strongly with anybody""","""fleeting"", ""register strongly""",pleasures,soft spot,register strongly with anybody who still retains a soft spot for,pleasures,pleasures,precollegiate humor
42,0,1,2,1,2,2,2,2,2,3,3,2,2,2,3,2,3,1,1,2,2,2,2,1,1,1,2,2,4,1,3,the thrill is -lrb- long -rrb- gone .,thrill is long gone,the thrill is -lrb- long -rrb- gone .,gone,long,thrill,thrill is long gone,long gone,long gone,long gone,-,long gone,"thrill, gone",thill is long gone,the thrill is -lrb- long -rrb- gone .,gone,thrill is long gone,thrill is long gone,"""long gone""",,long gone,"""thrill is long gone""","""thrill is -lrb- long -rrb- gone""",,"thrill, gone",long -rrb- gone,thirll,thrill long gone,thrill isgone
43,1,4,4,4,4,4,4,5,4,2,2,4,4,5,5,4,2,4,5,4,4,4,2,4,4,4,4,5,3,3,5,much monkeyfun for all .,much fun for all,much monkeyfun for all .,for all,monkeyfun,monkeyfun,monkeyfun,fun for all,much monkeyfun for all,fun for all,much monkeyfun for all .,much monkeyfun,monkeyfun,fun,much monkeyfun for all .,"much, monkeyfun",,monkeyfun for all,"""monkeyfun for all""",monkeyfun,monkeyfun,"""for all""","""much monkeyfun for all .""",,much monkeyfun,monkeyfun for all,monkeyfun,monkeyfun,much fun for all
44,0,1,1,1,1,1,1,1,1,1,1,1,1,1,1,1,2,1,1,1,1,1,1,1,1,1,1,1,1,0,1,"a dreary , incoherent , self-indulgent mess of a movie","dreary, incoherent, self-indulgent mess",a dreary,meaningless,mess,"dreary, mess, meaningless","dreary , incoherent , self-indulgent mess of a movie",incoherent,"dreary , incoherent , self-indulgent mess",incoherent,"a dreary , incoherent , self-indulgent mess, a cacophony of pretentious , meaningless prattle","incoherent, pretentious, meaningless",meaningless,"dreary, incoherent, mess, pretentious, meaningless","mess, meaningless","incoherent, self-indulgent, mess, inanely, pretentious meaningless","dreary , incoherent , self-indulgent mess, cacophony of pretentious , meaningless prattle","dreary, incoherent, self-indulgent mess ","""meaningless""","dreary , incoherent , self-indulgent mess",self-indulgent,"""incoherent"", ""pretentious"", ""prattle""","""dreary , incoherent , self-indulgent mess "", ""pompous windbags"", ""drone on inanely"", ""pretentious , meaningless prattle""","a dreary , incoherent , self-indulgent mess of a movie","dreary , incoherent , self-indulgent mess","a dreary , incoherent , self-indulgent mess of a movie",self-indulging mess,self-indulgent mess,"dreary, meaningless"
45,1,4,4,4,4,4,4,5,4,4,4,4,4,4,4,4,4,3,4,4,4,4,4,4,4,4,4,4,4,4,4,this is a refreshingly novel ride .,refreshingly novel ride,though,refreshingly,refreshingly novel ride,refreshingly,refreshingly,"much of the way, refreshingly",refreshingly novel ride,"much of the way, refreshingly",a refreshingly novel ride,refreshingly,refreshingly,refreshingly novel,"much of the way , this is a refreshingly novel ride","refeshingly, novel",refreshingly novel ride,refreshingly novel ride,"""refreshingly novel ride""",refreshingly novel ride,novel,"""refreshingly""","""though"", ""refreshingly novel ride .""",a refreshingly novel ride .,refreshingly novel,refreshingly novel,refreshingly,refreshingly,refreshingly
46,1,4,5,4,4,5,5,4,4,4,5,4,5,5,4,4,4,4,5,4,5,5,4,2,4,5,4,4,5,4,4,mr. allen has surpassed himself,has surpassed himself with the magic he's spun,mr. allen has surpassed himself with the magic he 's spun with the hollywood empress of ms. leoni 's ellie .,surpassed,surpassed,surpassed,surpassed himself,first time in years,"surpassed, magic",first time in years,surpassed himself,"surpassed himself, magic",surpassed himself,"surpassed himself, magic",surpassed,magic,surpassed himself,surpassed himself with the magic he's spun,"""for sereval years""",surpassed himself with the magic,supassed,"""surpassed himself""","""surpassed himself"", ""magic he 's spun""",surpassed himself,surpassed,has surpassed himself,surpassed,surpassed himself,surpassed himself with magic
47,1,3,4,3,5,4,2,4,4,4,4,3,2,5,4,3,2,4,5,4,5,4,2,2,4,4,4,4,2,1,2,one scarcely needs the subtitles to enjoy this colorful action farce .,farce,one scarcely needs the subtitles to enjoy this colorful action farce .,scarcely needs the subtitles,enjoy,"enjoy, colorful",colorful action farce,scarcely needs,colorful action farce,scarcely needs,colorful action farce,colorful,scarcely needs the subtitles,"enjoy, colorful",colorful action farce,"enjoy, colorful",farce,colorful action farce,"""needs the subtitles""",scarcely needs the subtitles,colorful,"""colorful""","""scarcely needs the subtitles"", ""enjoy"", ""colorful""",enjoy,enjoy,enjoy,farce,farce,colorful action
48,0,1,2,2,2,1,2,2,2,2,2,2,2,2,2,2,2,2,1,4,2,1,2,2,2,2,2,2,3,1,1,it fails to lend the characters ' individual stories,"abruptly crosscuts, fails to lend dramatic resonance",it fails to lend the characters ' individual stories enough dramatic resonance to make us care about them .,fails,fails,fails,fails,abruptly,fails,abruptly,it fails to,it fails,fails,fails,fails to lend the characters ' individual stories,care,fails to,"it fails, to make us care about them","""it fails""",fails,fails,"""it fails""","""it fails to"", ""make us care about them""",,"abruptly, fails",it fails,dramatic,fails,fails
49,1,2,2,2,2,4,2,4,2,2,3,2,3,2,4,2,2,3,3,3,3,3,3,2,4,3,4,4,2,2,1,what might have been a predictably heartwarming tale is suffused with complexity .,predicatably heartwarming suffused with complexity,what might have been a predictably heartwarming tale is suffused with complexity .,suffused,complexity,complexity,suffused with complexity,,suffused with complexity,,suffused with complexity,complexity,suffused with complexity,suffused with complexity,what might have been a predictably heartwarming tale is suffused with complexity .,"heartwarming, complexity",suffused with complexity,suffused wit hcomplexity,"""might have been"", ""suffused with complexity""",suffused with complexity,suffused,"""what might have been""","""might have been"", ""predictably "", ""suffused with complexity""",,heartwarming,suffused with complexity,suffused,suffused with complexity,could be predictable but
50,0,1,2,2,1,1,1,2,4,4,4,1,2,1,3,2,3,2,1,2,2,1,2,1,2,2,2,4,1,1,2,generic sets and b-grade special effects,"generic sets, b-grade special effects",with generic sets and b-grade special effects,convincing,"front, convincing ",convincing,jason is about as convincing on the sci-fi front as tv 's defunct cleopatra 2525,b-grade,generic sets and b-grade special effects,b-grade,-,"about as convincing, generic",b-grade,"generic sets, b-grade special effects","generic sets, b-grade special effects","generic, b-grade, defunct","generic sets, b-grade special effects",generic set and b-grade effects,"""b-grade special effects""",generic sets and b-grade special effects,b-grade,"""generic sets and b-grade special effects""","""generic "", ""b-grade"", ""defunct """,generic sets and b-grade special effects,convincing,generic sets and b-grade special effects,generic,b-grade,"generic, b-grade"
51,1,5,5,4,5,5,5,5,5,5,5,4,5,5,5,5,5,5,5,5,5,5,5,5,5,5,5,5,5,5,5,this is simply the most fun you 'll ever have with a documentary !,simply the most fun,this is simply the most fun you 'll ever have with a documentary !,the most fun,"most fun, ever have",most fun,most fun you 'll ever have,must fun,the most fun,must fun,the most fun,most fun you'll ever have,most fun,most fun,most fun you 'll ever have,fun,most fun you'll ever have,most fun,"""the most fun you will ever have""",the most fun you 'll ever have with a documentary,most fun,"""most fun you'll ever have""","""the most fun you 'll ever have""",the most fun you 'll ever have,most fun,the most fun,most fun,the most fun,most fun
52,1,4,4,2,4,5,4,5,4,4,4,4,4,4,4,4,4,4,4,3,4,4,3,4,4,4,4,4,4,4,5,represents better-than-average movie-making,better-than-average,distracted audience .,better-than-average,better-than-average,better-than-average,better-than-average,better-than-average,better-than-average movie-making,better-than-average,better-than-average movie-making,Better-than-average,better-than-average,better-than-average,better-than-average,better-than-average,"better-than-average, does n't demand a dumb , distracted audience",better-than-average movie-making,"""better-than-average""",better-than-average movie-making,better-than-average,"""better-than-average movie-making""","""better-than-average"", ""does n't demand a dumb , distracted audience""",better-than-average,better-than-average,represents better-than-average movie-making,better-than-average,better-than-average,bettter-than-average
53,0,2,1,2,2,1,2,1,2,2,2,2,2,3,2,2,3,3,3,2,3,2,3,3,2,2,2,2,1,2,2,confused mediocrity,confused mediocrity,... the sum of the parts equals largely a confused mediocrity .,confused mediocrity,confused,mediocrity,confused mediocrity,confused,confused mediocrity,confused,confused mediocrity,confused mediocrity,mediocrity,confused mediocrity,... the sum of the parts equals largely a confused mediocrity .,"confused, mediocrity",confused mediocrity,confused mediocrity,"""confused mediocrity""",confused mediocrity,mediocrity,"""confused mediocrity""","""confused mediocrity""",confused mediocrity .,confused mediocrity,a confused mediocrity,confused mediocrity,confused mediocrity,confused mediocrity
54,0,1,3,2,2,1,1,2,2,2,2,2,2,2,2,2,3,2,1,2,3,2,2,2,2,2,2,2,1,1,3,this barbershop just does n't make the cut,doesn't make the cut,it may be an easy swipe to take,does n't make the cut,does n't make the cut,doesn't make the cut,does n't make the cut .,doesnt make the cut,does n't make the cut,doesnt make the cut,does n't make the cut,doesn't make the cut,,doesn't make the cut,does n't make the cut,make the cut,does n't make the cut,doesn't make the cut,"""doesn't make the cut""",,doesn't make the cut,"""just doesn't make the cut""","""does n't make the cut""",does n't make the cut .,does n't make the cut,does n't make the cut,doesn't make the cut,doesn't make the cut,this barbershop doesn't make the cut
55,1,5,4,5,4,5,5,5,4,5,5,4,5,5,5,4,5,5,5,5,5,5,4,5,5,5,5,5,5,5,5,a wonderful all-ages triumph,nearly impeccable cinematic experience,the fact that the rookie is a nearly impeccable cinematic experience -- and a wonderful all-ages triumph besides -- is a miracle akin to the story the film portrays .,nearly impeccable,impeccable cinematic experience,impeccable,impeccable cinematic experience -- and a wonderful,"impecable, wunderfull, miracle",nearly impeccable cinematic experience,"impecable, wunderfull, miracle","nearly impeccable cinematic experience, a wonderful all-ages triumph","impeccable, miracle","impeccable, wonderful, miracle","nearly impeccable, wonderful, miracle",impeccable cinematic experience,wonderful triumph miracle impeccable experience,"nearly impeccable, wonderfull, miracle",impeccable cinematic experience,"""a wonderfull all-ages triumph""",nearly impeccable cinematic experience,impeccalbe cinematic experience,"""nearly impeccable cinematic experience""","""nearly impeccable cinematic experience "", ""wonderful all-ages triumph"", ""a miracle akin to the story""",impeccable cinematic experience,impeccable,impeccable cinematic experience,impeccable,impeccable cinematic experience,triumph
56,0,1,1,2,1,1,1,1,1,1,1,1,1,1,3,1,1,2,2,1,1,2,1,1,1,2,2,2,1,0,1,director ron underwood manage to blow $ 100 million on this,how on earth director manage to blow million,how on earth,blow $ 100 million on this,blow,blow,did director ron underwood manage to blow $ 100 million on this,blow 100 milion,100 million,blow 100 milion,-,manage to blow,blow,blow,blow $ 100 million on this,blow,"how on eart, blow $ 100 million on this",blow $100 million on this?,"""blow $ 100 million on this?""",blow $ 100 million,to blow $ 100 million,"""blow $ 100 million""","""how on earth"", ""blow $ 100 million""",,blow,manage to blow,blow,blow,blow $ 100 million
57,1,3,3,4,3,4,2,4,4,3,3,3,2,2,4,3,2,3,4,3,3,2,2,3,4,4,4,4,3,1,4,"for all its failed connections , divine secrets of the ya-ya sisterhood is nurturing , in a gauzy , dithering way .","gauzy, dithering way",divine secrets of the ya-ya sisterhood is nurturing,nurturing,nurturing,nurturing,failed connections,failed,failed connections,failed,is nurturing,nurturing,failed,"failed connections, nurturing","sisterhood is nurturing , in a gauzy , dithering way","failed, nurturing, gauzy","nurturing , in a gauzy , dithering way","gauzy, dithering way","""for all its failed connections""","nurturing , in a gauzy , dithering way",nurturing,"""is nurturing , ""","""failed connections"", ""nurturing , in a gauzy , dithering way""",,nurturing,"is nurturing , in a gauzy , dithering way",nurturing,failed,"nurturing, gauzy"
58,0,1,3,3,2,2,2,2,3,2,2,3,2,2,2,2,2,2,2,3,2,3,2,2,2,3,2,2,5,1,3,"as are its star , its attitude and its obliviousness .",obliviousness,its attitude and its obliviousness .,as are,obliviousness,obliviousness,obliviousness,oblibiousness,obliviousness .,oblibiousness,its obliviousness,obliviousness,obliviousness,Obliviousness,obliviousness,"attitude, obliviousness",,it's attitude and oblviousness,"""its obliviousness""",,obliviosness,"""obliviousness""","""its obliviousness """,,obliviousness,obliviousness,star,obliviousness,obliviousness
59,0,2,4,2,2,1,1,2,2,2,2,3,1,5,2,2,3,2,1,1,2,2,3,2,2,2,1,2,2,2,2,it 's a sitcom without the snap-crackle .,"sluggishly directed, it's a sitcom",it 's a sitcom without the snap-crackle .,sluggishly,without the snap-crackle,without the snap-crackle,without the snap-crackle,sluggishly,"sluggishly, without the snap-crackle",sluggishly,"sluggishly directed, without the snap-crackle",sluggishly,,sluggishly directed,sluggishly directed,sluggishly,"sluggishly, without the snap-crackle",sluggishly directed,"""it's a sitcom""",sluggishly directed,sluggishly directed,"""sitcom without the snap-crackle""","""sluggishly directed""",sluggishly directed,sluggishly,sluggishly directed,sluggishly directed,sluggishly,"sluggishly, without the snap-crackle"
60,1,3,4,5,2,5,5,5,5,5,5,5,5,5,5,4,4,4,5,5,5,5,4,5,5,4,4,5,5,4,5,a dream cast of solid female talent who build a seamless ensemble .,"dream cast, seamless ensemble",a dream cast of solid female talent who build a seamless ensemble .,dream cast,"dream cast, seamless ensemble",seamless ensemble,dream cast and seamless ensemble,dream cast,seamless ensemble,dream cast,seamlesss ensemble,"dream, seamless ensemble, talent","dream cast, solid female talent",dream cast,dream cast,"dream, solid, seamless, ensemble","dream cast, seamingless ensemble",dream cast,"""seamless ensemble""",dream cast,seamless ensemble,"""a seamless ensemble""","""dream cast"", ""solid female talent"", ""seamless ensemble""",dream cast,seamless ensemble,build a seamless ensemble,dream cast,dream cast,dream cast
61,0,2,3,2,2,2,1,2,2,1,1,2,2,2,2,3,2,2,1,2,2,2,2,1,2,2,2,2,2,3,2,"the plot is straight off the shelf , the performances are television - caliber and the message of providing solace through deception is a little creepy .","off the shelf, television - caliber, creepy",the plot is straight off the shelf,creepy,"deception, creepy ","straight off, a little creepy",the plot is straight off the shelf .. the message .. is a little creepy .,"off the shelf, creepy",deception，creepy,"off the shelf, creepy",is a little creepy,"off the shelf, deception","off the shelf, creepy","television-caliber, a little creepy","straight off the shelf, deception is a little creepy","off the shelf, creepy","slight off the shelf, performances are television - caliber, little creepy",little creepy,"""straight off the shelf""",plot is straight off the shelf,straight off the shelf,"""straight off the shelf""","""off the shelf"", ""creepy""",,deception,a little creepy,straight off the shelf,creepy,little creepy
62,0,1,2,2,2,1,2,2,4,2,2,2,2,2,3,2,1,3,2,1,2,2,3,2,2,2,2,2,1,1,2,the film 's more determined to become the next texas chainsaw massacre,instead of accounting,instead of accurately accounting a terrible true story,determined to become,instead of accurately accounting,instead of accurately,more determined,instead of accurately accounting,instead of accurately accounting,instead of accurately accounting,-,instead of accurately,next texas chainsaw massacre,?,instead of accurately accounting a terrible true story,become the next,"instead of accurately accounting, more determined to become",determined to become the next texas chainsaw massacre,"""become the next chainsaw massacre""",instead of accurately accounting a terrible true story,instead of accurately accounting,"""instead of accurately accounting""","""instead of "", ""become the next texas chainsaw massacre""",,instead of,instead of accurately accounting,terrible,terrible,chainsaw massacre
63,1,5,4,4,4,5,5,4,4,4,4,4,4,5,4,4,4,4,5,4,4,4,4,4,5,4,5,4,4,4,5,movie is well shot and very tragic,"well shot, one to ponder",the movie is well shot and very tragic,very,"well shot, very tragic","well shot, tragic",well shot,"well shot, ponder after credits roll",well shot,"well shot, ponder after credits roll",well shot and very tragic,"well shot, ponder",well shot and very tragic,Well shot,well shot and very tragic,"well shot, ponder",well shot,well shot,"""well shot and very tragic""",well shot and very tragic,well shot,"""well shot""","""well shot"". ""very tragic"", ""one to ponder""",well shot,well shot,is well shot,well shot,well shot,well shot
64,1,5,3,4,4,4,4,4,3,4,4,4,4,4,5,4,4,4,5,4,4,4,1,4,4,4,5,3,4,3,4,"it is ridiculous , of course ... but it is also refreshing",outright enjobale despite its ridiculousness,of course ... but it is also refreshing,just outright enjoyable despite its ridiculousness,"ridiculous, refreshing, disarming ","ridiculous, refreshing",just outright enjoyable despite its ridiculousness,"refreshing, disarming, enjoyable",just outright enjoyable despite its ridiculousness,"refreshing, disarming, enjoyable","refreshing , disarming , and just outright enjoyable","refreshing, enjoyable",outright enjoyable despite its ridiculousness,"refreshing, enjoyable, disarming","refreshing , disarming","rediculous refreshing, disarming, enjoyable","refreshing, disarming","resfreshing, disarming, and just outright enjoyable","""it is ridiculous""",enjoyable despite its ridiculousness,refreshing,"""refreshing"", ""disarming"", ""enjoyable""","""refreshing , disarming"", ""outright enjoyable""",enjoyable,despite,"refreshing , disarming , and just outright enjoyable",refreshing,enjoyable despite its ridiculousness,enjoyable despite its ridiculousness
65,1,5,4,4,4,5,5,5,4,4,4,5,5,4,3,4,4,4,5,4,5,4,5,4,4,4,4,4,4,4,5,everything you loved about it in 1982 is still there,everything you loved is still there,everything you loved about it in 1982 is still there,still there,still there,"loved, show it",everything you loved about it in 1982 is still there,loved,still there,loved,-,everything you loved,"loved, still there",loved,everything you loved about it in 1982 is still there,loved,everything…is still there,everything you loved about it,"""everything you loved about it in 1982 is still there""",everything you loved about it in 1982 is still there,loved about it,"""loved""","""everything you loved [...] is still there""",or everybody who wants to be a kid again,"loved, still there",everything you loved about it in 1982 is still there,everything you loved,everything you loved is still there,everything you loved is still there
66,1,4,4,4,4,4,5,5,4,4,4,4,5,4,5,4,5,4,5,5,5,4,4,4,5,4,4,4,4,4,4,slight but a pleasure,"is sophisticated, funny, a pleasure",funny and good-natured treat,slight but a pleasure,"funny and good-natured treat, pleasure ",slight but a pleasure,"sophisticated , funny and good-natured treat, a pleasure","sophisticated, funny",slight but a pleasure,"sophisticated, funny","sophisticated , funny and good-natured treat , slight but a pleasure","sophisticated, funny, pleasure","sophisticated , funny and good-natured","sophisticated, funny, good-natured",a pleasure,"funny, pleasure","sophisticated, funny, good-neatured treat, slight, pleasure","sophisticated, funny and good-natured treat","""slight but a pleasure""","sophisticated , funny and good-natured treat , slight but a pleasure",sophisticated,"""a pleasure""","""sophisticated , funny and good-natured treat"", ""slight, but a pleasure""",pleasure,"funny and good-natured treat, pleasure","sophisticated , funny and good-natured treat , slight but a pleasure",sophisticated,pleasure,slight but a pleasure
67,0,2,2,2,1,1,1,1,3,2,1,1,1,3,1,2,2,2,2,1,2,2,2,1,2,2,1,2,1,0,1,humourless and dull .,humourless and dull,humourless and dull .,humourless and dull,humourless and dull,humourless and dull,humourless and dull .,humorless and dull,humourless and dull,humorless and dull,"turgid little history lesson , humourless and dull","humourless, dull",humourless and dull,"humorless, dull","history lesson , humourless and dull","turgid, humourless, dull",humourless and dull,humorless and dull,"""humourless and dull""",humourless and dull,humourless,"""humourless and dull""","""humourless"", ""dull""",dull,humourless and dull,humourless and dull,dull,dull,humourless and dull
68,0,1,1,2,2,2,1,1,2,1,1,1,1,2,2,2,2,2,1,1,2,2,2,2,1,2,2,2,2,0,2,is n't really good enough,is n't really good enough to be in theaters,the cartoon that is n't really good enough to be on afternoon tv is now a movie that is n't really good enough to be in theaters .,is n't really good enough,is n't really good enough to be in theaters,isn't really good enough to be in theaters,is not really good enough to be in theaters,isnt really good enough,isn't really good enough,isnt really good enough,"is n't really good enough, is n't really good enough",isn't really good enough,is n't really good enough,isn't really good enough,is n't really good enough to be in theaters,good enough,is n't rally good enough,isn't really good enough,"""not really good enough""",is n't really good enough to be in theaters,not good enough,"""isn't really good enough""","""is n't really good enough""",is n't really good enough,is n't really good enough,is n't really good enough,isn't really good enough,not good enough,isn't really good
69,1,2,4,2,2,4,3,4,2,2,3,2,2,4,3,3,4,3,4,3,3,3,3,3,2,3,2,3,2,3,4,sensual performance,"a sensual performance, but we 're left wondering",but her inner journey is largely unexplored and we 're left wondering about this exotic-looking woman whose emotional depths are only hinted at .,largely unexplored,largely unexplored,"sensual performance, but",we 're left wondering,"unexplored, left wondering",sensual performance,"unexplored, left wondering",-,largely unexplored,sensual performance,"largely unexplored, sensual performance","a sensual performance,  inner journey is largely unexplored","wondering, performance, unexplored","sensual performance, unexplored, only hinted",a sensual performance,"""only hinted at",sensual performance,largely unexplored,"""is largely unexplored""","""sensual performance"", ""flimsy story"", ""her inner journey is largely unexplored"", ""we 're left wondering""",sensual performance from abbass buoys the flimsy story,but,largely unexplored and we 're left wondering about,largely unexplored,unexplored,sensual
70,1,3,3,4,3,4,4,4,4,3,3,4,4,4,4,3,4,3,4,4,4,4,3,3,4,3,4,4,1,4,4,a harmless and mildly amusing,midly amusing,a harmless and mildly amusing family comedy .,harmless and mildly amusing,"harmless, mildly",harmless and mildly,harmless and mildly amusing,mildly amusing,harmless and mildly amusing,mildly amusing,harmless and mildly amusing,mildly amusing,harmless and mildly amusing,"mildly amusing, harmless",mildly amusing,"harmless, amusing","harmless, amusing",harmless and mildly amusing,"""a harmless and middly""",mildly amusing family comedy,harmless,"""mildly amusing""","""harmless and mildly amusing""",mildly amusing,"harmless, amusing",mildly amusing,failed,mildly amusing,"harmless, midly amusing"
71,0,2,3,2,1,1,1,2,1,1,1,3,1,1,2,1,2,2,2,1,1,1,2,2,1,1,1,3,1,0,2,not ` terrible filmmaking,had a nightmare like this,but more like,nightmare,"nightmare, coming true",nightmare,not ` terrible filmmaking ' bad,"nigthmare, bad",nightmare,"nigthmare, bad",not ` terrible filmmaking ' bad,bad,bad,bad,"not ` terrible filmmaking ' bad,  ' i once had a nightmare like this , and it 's now coming true ' bad","bad, terrible, nightmare",nightmare,nightmare,"""bad"" x2",not ` terrible filmmaking ' bad,bad,"""i once had a nightmare like this and it's now coming true bad""","""' i once had a nightmare like this , and it 's now coming true ' bad""","more like , ' i once had a nightmare like this , and it 's now coming true ' bad .",terrible filmmaking,"i once had a nightmare like this , and it 's now coming true",terrible filmmaking,nightmare,nightmare bad
72,0,2,2,2,1,2,1,2,2,2,2,2,1,2,2,2,2,2,3,1,2,1,2,2,1,2,2,2,2,1,2,skip along the seine,"rather than, more or less slogs its way",rather than skip along the seine,uncomfortably,uncomfortably,uncomfortably,uncomfortably,"slogs, soggy",uncomfortably,"slogs, soggy",tongue uncomfortably in cheek,"slogs, soggy",tongue uncomfortably,slogs,"a movie that , rather than skip along the seine , more or less slogs its way through soggy paris , tongue uncomfortably in cheek .","slogs, soggy, uncomfortably",,tongue uncomforably in cheek,"""slogs its way through soggy paris""",logs its way through soggy paris,uncomfortably,"""tongue uncomfortably in cheek""","""slogs its way through soggy paris"", ""tongue uncomfortably in cheek""",less slogs its way through soggy paris,uncomfortably,slogs its way through,slogs,soggy,"slogs its way, uncomfortably"
73,1,4,4,4,4,5,5,4,4,4,4,4,4,5,4,4,4,4,5,4,4,4,4,4,4,4,5,4,4,4,4,succeed by following a feel-good formula with a winning style,"it does succeed, feel-good formula, winning style",it does succeed by following a feel-good formula with a winning style,succeed,winning style,"succeed, winning style",feel-good,"succeed, winning style",succeed,"succeed, winning style","does succeed, feel-good formula with a winning style","succeed, optimism",succeed,"succeed, feel-good, winning style",it does succeed,"feel-good, winning, role models, optimism","succeed, feel-good, winning style, role models, optimisms",succeed,"""feel-good formula""",feel-good formula,feel-good formula,"""it does succeed""","""it does succeed"", ""following a feel-good formula with a winning style"", ""offering [...] role models and optimism""",optimism,"feel-good, welcome role models, optimism",succeed by following a feel-good formula with a winning style,succeed,succeed,winning style
74,1,4,4,4,4,5,2,4,4,4,4,5,5,5,4,4,5,4,5,4,4,5,3,4,5,4,4,5,5,4,3,talented and terribly charismatic,qualities essential to movie stars and social anarchists,qualities essential to both movie stars and social anarchists .,talented and terribly charismatic,talented and terribly charismatic,charismatic,talented and terribly charismatic,charismatic,talented and terribly charismatic,charismatic,talented and terribly charismatic,"talented, charismatic",talented and terribly charismatic,"talented, charismatic",talented and terribly charismatic,"talented, charismatic",talented and terribly charismatic,talented and terribly charismatic,"""social anarchists""",,charismatic,"""talented and terribly charismatic""","""talented and terribly charismatic""",talented and terribly charismatic,talented and terribly charismatic,talented and terribly charismatic,terribly charismatic,talented,"talented, charismatic"
75,0,3,4,4,2,2,1,2,4,2,1,3,4,2,4,3,5,3,5,3,3,4,2,4,4,2,3,5,5,4,1,well acted,well intentioned snoozer,a well acted and well intentioned snoozer .,well,snoozer,snoozer,snooze,well acted,snoozer,well acted,well acted and well intentioned,"well acted, well intentioned","well acted, well intentioned",snoozer,well,"well acted, well intentioned, snoozer",snoozer,well acted,"""well intentioned snoozer""",snoozer,well acted,"""snoozer""","""well intentioned"", ""snoozer """,well intentioned,well acted and well intentioned,well acted and well intentioned snoozer,well acted,well acted,snoozer
76,1,4,4,4,4,4,5,5,4,3,4,3,4,4,4,3,4,4,5,4,5,4,4,4,4,3,4,4,4,4,4,fine job,fine job,perhaps unwittingly,fine job,fine job,a fine job,fine,fine job,does a fine job,fine job,does a fine job,fine job,fine job,fine job,serry does a fine job of capturing the climate of the times,fine,fine job,fine job,"""fine job""",does a fine job,fine job,"""does a fine job""","""fine job""",does a fine job of capturing the climate of the times,fine job,does a fine job,does a fine job,fine job,fine job
77,0,3,3,3,2,2,3,2,2,2,2,3,2,2,3,3,2,2,2,2,2,2,3,2,2,2,2,3,3,2,2,"for all its alleged youthful fire , xxx is no less subservient to bond 's tired formula of guns , girls and gadgets while brandishing a new action hero .","alleged youthful fire, no less subservient to tired formula",xxx is no less subservient to bond 's tired formula of guns,no less subservient,subservient,subservient,tired,subservient,"no less subservient, brandishing",subservient,-,subservient,no less subservient,tired formula,is no less subservient to bond 's tired formula,tired,tired formula of,no less subservient,"""no less subservient""","tired formula of guns , girls and gadgets",no less subservient,"""no less subservient""","""alleged youthful fire"", ""tired formula""",tired,,no less subservient to,action hero,tired formula,subservient to bond 's tired formula
78,1,4,4,4,4,5,4,4,4,4,4,4,4,4,4,4,4,4,5,3,4,4,4,4,4,4,4,4,3,3,4,"visually polished , a little funnier","it is a little more polished, funnier, and madcap",a little funnier,more,"little more visually polished , a little funnier , and a little more madcap",polished,"more visually polished , a little funnier","funnier, pollished","visually polished, funnier, madcap","funnier, pollished","a little more visually polished , a little funnier , and a little more madcap","cuddly, visually polished","more visually polished, a little funnier , and a little more madcap","visually polished, funnier","a little more visually polished , a little funnier , and a little more madcap","cuddly, polished, funnier, madcap","little more visually polished , a little funnier , a little more madcap","visually polished, a little funnier, and a little more madcap","""a little funnier""","a little more visually polished , a little funnier , and a little more madcap",visually polished,"""a little funnier""","""cuddly sequel"", ""hit"", ""more visually polished"", ""funnier""",cuddly sequel,"more visually polished, funnier","little more visually polished , a little funnier",a little funnier,visually polished,"polished, funnier"
79,0,1,1,2,2,1,2,2,2,2,1,3,2,2,3,2,2,2,1,1,1,2,1,1,3,2,2,2,2,1,1,now it 's just tired .,it's just tired,now it 's just tired .,tired,just tired,tired,tired,tired,tired,tired,-,,tired,tired,now it 's just tired .,tired,,tired,"""just tired""",now it 's just tired,it's just tired,"""just tired""","""just tired""",tired,tired,just tired,just tired,tired,tired
80,0,1,2,2,2,1,2,2,1,1,1,2,2,1,2,2,2,3,2,1,3,2,2,3,2,3,2,2,3,2,2,not so much a movie,not so much a movies as a picture book,not so much a movie as a picture book for the big screen .,not so much,not so much a movie,not so much a movie,not so much a movie,not so much a movie,picture book,not so much a movie,not so much,not so much a movie,not so much a movie,?,not so much a movie,not,picture book for the big screen,picture book for the big screen,"""not as much a movie""",picture book for the big screen,not so much a movie,"""picture book for the big screen""","""not so much a movie""",,not so much,not so much a movie,not so much a movie,not so much a movie,not so much a movie
81,0,1,1,2,2,1,1,1,1,1,1,1,2,1,3,2,1,2,3,1,1,2,1,1,1,2,2,2,1,1,2,boring or embarrassing,it 's difficult to say whether is more boring or embarrassing,it 's difficult to say whether the tuxedo is more boring or embarrassing -- i 'm prepared to call it a draw .,boring or embarrassing,"boring, embarrassing","boring, embarrassing ",more boring or embarrassing,"boring, embarising","boring, embarrassing","boring, embarising",-,boring embarrasing,boring or embarrassing,"boring, embarrassing",difficult to say,"boring, embarrassing",more boring or embarrassing,boring or embarrassing,"""more boring or embarrassing""",more boring or embarrassing -- i 'm prepared to call it a draw,boring,"""boring or embarrassing""","""more boring or embarrassing""",embarrassing,boring or embarrassing,is more boring or embarrassing,boring,embarrassing,"boring, embarrassing"
82,0,1,3,2,1,1,1,2,4,2,2,2,1,4,4,3,1,3,1,1,1,2,2,1,1,2,2,4,2,2,2,satisfying and predictable,satisfying and predicatble as fare,about as satisfying and predictable as the fare at your local drive through .,satisfying and predictable,predictable,predictable,predictable,predictable,satisfying and predictable,predictable,as satisfying,as the fare at your local drive through,"predictable, local drive through","satisfying, predictable",predictable,predicable,about as satisfying and predictable as the fare at your local drive through,predictable,"""fare at your local drive through""",satisfying and predictable,predictable,"""predictable""","""about as satisfying and predictable as the fare at your local drive through""",predictable,satisfying,satisfying and predictable as the fare at your local drive through,predictable,predictable,predictable
83,0,2,2,2,1,2,1,2,2,2,2,2,2,2,2,1,1,2,1,2,2,2,2,2,1,2,2,2,3,1,2,nothing more than a formulaic chase in the dark .,nothing more than a formulaic chase,the movie succumbs to being nothing more than a formulaic chase in the dark .,nothing more than a formulaic chase in the dark,"nothing more, formulaic ",formulaic chase,nothing more than a formulaic chase in the dar,succumbs,succumbs,succumbs,succumbs to being nothing more than,"nothing more, formulaic",nothing more than a formulaic chase,formulaic,nothing more than,"nothing, formulaic",chase in the dark,nothing more than a formulaic chase in the dark,"""formulaic chase in the dark""",nothing more than a formulaic chase in the dark,nothing more than,"""being nothing more than""","""nothing more than a formulaic chase in the dark""",,nothing,succumbs to being nothing more,chase in the dark,chase in the dark,formulaic chase in the dark
84,1,4,2,5,2,3,1,4,2,2,2,3,4,2,3,5,2,3,5,3,4,4,2,4,4,4,4,2,3,2,2,lo-fi as the special effects,indulge the force of humanity over hardware,as lo-fi as the special effects are,long forgotten,cobbled nemesis together,cobbled nemesis together,forgotten,indulge,as lo-fi as the special effects are,indulge,-,"indulge the force of humanity, george lucas has long forgotten",long forgotten,indulge,indulge the force of humanity over hardware,"force, humanity",,indulge the force of humanity over hardware,"""has long forgotten""",as lo-fi as the special effects are,force of humanity,"""in a way that george lucas has long forgotten""","""indulge"", ""in a way that george lucas has long forgotten""",,nemesis,indulge,as lo-fi as the special effects are,lo-fi,
85,1,4,3,3,4,4,4,4,4,4,4,3,3,2,2,4,2,4,4,3,4,4,1,2,5,4,4,2,4,2,3,writer-director burger imaginatively fans the embers of a dormant national grief and curiosity that has calcified into chronic cynicism and fear .,imaginatively,writer-director burger imaginatively fans the embers of a dormant national grief and curiosity that has calcified into chronic cynicism and fear .,imaginatively fans,imaginatively,imaginatively,imaginatively,,chronic cynicism and fear,,fans the embers of a dormant national grief,imaginatively,chronic cynicism and fear,imaginatively,imaginatively,"fans, curiosity","dormant national grief, chronic cynicism and fear",imaginatively fans,"""grief""",,fans the embers,"""imaginatively""","""imaginatively fans the embers""",imaginatively,chronic cynicism and fear,imaginatively,cynicism and fear,chronic cynicism and fear,imaginatevily
86,0,2,2,2,2,2,1,2,2,2,2,2,2,1,3,3,2,3,2,1,2,2,3,2,2,2,3,2,2,2,1,nothing here you have n't seen before,there 's nothing here you have n't seen before,if you 've seen more than half-a-dozen horror films,nothing here you have n't seen before,nothing here you have n't seen before,nothing here you haven't seen before,nothing here you have n't seen before,nothing here you havent seen before,nothing here you have n't seen before,nothing here you havent seen before,-,nothing here,nothing here,nothing here,nothing here you have n't seen before,nothing,nothing here you have n't seen before,there's nothing here you haven't seen before,"""nothing here you haven't seen before""",there 's nothing here you have n't seen before,nothing here you haven't seen before,"""nothing here you haven't seen before""","""nothing here you have n't seen before""",nothing here you have n't seen before .,nothing,there 's nothing here you have n't seen before,haven't seen before,nothing you haven't seen before,nothing here you haven't seen before
87,0,1,1,2,1,1,1,2,1,1,1,2,1,1,2,2,1,2,1,1,2,1,1,1,1,2,1,2,1,0,1,hire a real director and good writers,hire a real director and good writers please,george,for the next installment,hire a real director,hire a real director,hire a real director and good writers,hire a reald director and good actor,real director and good writers,hire a reald director and good actor,hire a real director and good writers for the next installment,"hire a real director, please",hire a real director and good writers for the next installment,hire a real director,hire a real director and good writers,"real, please",hire a real director and good writers for the next installment,hire a real director and good writers,"""hire a real director next time""","hire a real director and good writers for the next installment , please .",hire a real director,"""hire a real director""","""hire a real director and good writers""",,"for the next installment , please",hire a real director and good writers,hire a real director,hire a real director,hire a real director and good writers next time
88,0,1,2,2,1,2,1,1,2,2,2,2,2,1,1,2,2,2,1,1,1,1,1,2,1,2,2,2,1,1,2,drain all the film of its energy and needlessly strain credibility .,drain the film of its energy,all these developments and challenges facing santa weigh down the plot so heavily that they drain all the film of its energy and needlessly strain credibility .,drain all the film of its energy and needlessly strain credibility,"weigh down the plot, needlessly strain credibility",strain credibility,drain,weigh down the plot,drain all energy and needlessly strain credibility,weigh down the plot,"weigh down the plot so heavily, needlessly strain credibility","weigh down the plot, heavily, drain all the film",drain all the film of its energy,"needlessly strain, weigh down",drain all the film of its energy,"drain, strain","weight down the plot, drain all the film of its energy and needlessly strain credibility",dran all the film of its energy,"""drain all the film of its energy""",weigh down the plot,weigh down the plot,"""drain all the film of its energy""","""weigh down the plot so heavily"", ""drain all the film of its energy"", ""strain credibility""",drain all the film of its energy and needlessly strain credibility .,"drain, strain credibility",drain all the film of its energy and needlessly strain credibility,they drain all the film,weigh down the plot so heavily,"drain energy, strain credibility"
89,0,1,2,2,1,1,1,1,2,1,1,1,2,1,1,1,2,1,3,1,1,2,1,1,1,1,1,2,1,0,1,full of wrong choices,so full of wrong choices,it 's so full of wrong choices that all you can do is shake your head in disbelief -- and worry about what classic oliver parker intends to mangle next time .,shake your head in disbelief,"full of wrong choices, shake your head in disbelief",full of wrong choices,full of wrong choices,wrong choices,full of wrong choices,wrong choices,full of wrong choices,"wrong choices, shake your head, disbelief",shake your head in disbelief,"wrong choices, disbelief, mangle",it 's so full of wrong choices that all you can do is shake your head in disbelief -- and worry about what classic oliver parker intends to mangle next time .,"wrong, disbelief","full of wrong choices, shake your head in disbelief, worry, mangle",full of wrong choices,"""so full of wrong choices""",full of wrong choices,wrong choices,"""shake your head in disbelief""","""full of wrong choices"", ""shake your head in disbelief"", ""mangle""",mangle,"mangle, full of wrong, disbelief",so full of wrong choices,wrong choices,full of wrong choices,full of wrong
90,1,3,4,4,4,4,5,4,4,4,4,4,4,4,3,4,4,4,4,4,4,4,3,4,4,4,4,4,5,4,4,wisdom that comes with experience .,runs on equal parts of innocence and wisdom,the film runs on equal parts of innocence and wisdom -- wisdom that comes with experience .,equal parts of innocence and wisdom,"innocence, wisdom","innocence, wisdom",innocence and wisdom,"wisdom, innocense",innocence and wisdom,"wisdom, innocense",-,"wisdom, experience",innocence and wisdom,"innocence, wisdom",equal parts of innocence and wisdom,"innocence, wisdom",,equal parts of innocence and wisdom,"""parts of innocence and wisdom""",innocence and wisdom -- wisdom that comes with experience,wisdom,"""wisdom that comes with experience""","""the film runs on equal parts of innocence and wisdom  -- wisdom that comes with experience""",wisdom,innocence and wisdom,equal parts of innocence and wisdom,wisdom,wisdom,wisdom
91,1,4,4,4,4,5,5,5,4,4,4,4,5,5,5,5,5,4,5,5,4,5,4,5,5,4,4,5,5,4,5,drawn excellent performances from his cast .,thankfully understated and excellent performances,and he has drawn excellent performances from his cast .,excellent performances,excellent performances,excellent performances,excellent performances,excellent,excellent performances,excellent,"thankfully understated, excellent performances",excellent performances,excellent performances,"understated, excellent performances","thankfully understated, drawn excellent performances",excellent,"thankfully understated, excellent performances",excellent performances from his cast,"""thankfully understated""",excellent performances from his cast,excellent performances,"""thankfully understated""","""goyer 's screenplay and direction are thankfully understated"", ""excellent performances from his cast""",excellent performances,excellent,drawn excellent performances,excellent performances,excellent performances,excellent performance
92,1,4,3,4,3,4,5,4,3,3,3,4,4,4,4,5,4,4,4,4,4,5,4,5,4,3,4,4,4,3,4,"reinforces the often forgotten fact of the world 's remarkably varying human population and mindset , and its capacity to heal using creative , natural and ancient antidotes .",reinforces the world 's remarkably varying human population and mindset,reinforces the often forgotten fact of the world 's remarkably varying human population and mindset,remarkably varying,"reinforces, fact","reinforces, fact",reinforces,reinforces,reinforces,reinforces,reinforces,"reinforces, remarkably, heal","reinforces, creative , natural and ancient antidotes",reinforces,reinforces the often forgotten fact of the world 's remarkably varying human population and mindset,"heal, remarkably, natural","reinforces the often forgotten fact, capacity to heal using","capacity to heal using creative, natural and ancient antidotes","""and its capacity to heal using creative""",reinforces the often forgotten fact,natural and ancient antidotes,"""reinforces the often forgotten fact""","""reinforces the often forgotten fact"", ""remarkably varying human population and mindset"", ""capacity to heal using creative , natural and ancient antidotes""",,"remarkably, creative",reinforces,using creative,reinforces,reinforces
93,0,2,3,2,1,1,1,1,4,2,2,2,2,2,3,3,4,2,2,1,2,2,3,1,4,2,2,2,2,2,2,abandons all pretense of creating historical context and waltzes off into a hectic soap about the ups and downs of the heavy breathing between the two artists .,hectip soap,abandons all pretense of creating historical context and waltzes off into a hectic soap about the ups and downs of the heavy breathing between the two artists .,abandons all pretense,waltzes off into a hectic soap,waltzes off,abandons,abandons,a hectic soap,abandons,-,abandons all pretense,artists,"abandons all pretense, waltzes off",abandons all pretense of creating historical context,"heavy breathing, abandons",abandons all pretense of creating historical context,abadons all pretense,"""between two artists""",abandons all pretense,abandons all pretense,"""a hectic soap""","""abandons all pretense"", ""waltzes off into a hectic soap"", ""heavy breathing between the two artists""",abandons,abandons,abandons all pretense,hectic soap,hectic soap,hectic soap
94,1,3,4,4,4,4,3,4,4,4,4,4,4,4,4,4,4,4,4,4,4,4,4,4,4,4,4,3,3,3,4,it is just about right .,at this level is just about right,it would fail and perhaps explode,just about right,just about right,just about right,it is just about right,just about rigth,just about right,just about rigth,it is just about right,just about right,just about right,"manic whimsy, just about right",it is just about right,"fail, manic, right","fail, manic whimsy",it is just about right,"""it is just about right""",it is just about right,it is just about right,"""just about right""","""if it tried to do anything more , it would fail "", ""at this level of manic whimsy , it is just about right""",just about right .,"would, just about right",is just about right,just about right,just about right,just about right
95,1,2,3,3,3,4,4,4,4,3,3,3,4,4,4,4,5,3,4,4,3,3,3,4,4,4,4,4,4,3,4,dedicated and good-hearted professionalism .,dedicated and good-hearted professionalism,scores a few points for doing what it does with a dedicated and good-hearted professionalism .,scores a few points,scores a few points,scores a few points,scores a few points,scores a few points,dedicated and good-hearted professionalism,scores a few points,dedicated and good-hearted,"dedicated, good-hearted, professionalism",dedicated and good-hearted,"few points, good-hearted",scores a few points,"dedicated, good-hearted, prefessionalism",scores a few points,few points,"""scores a few points""",good-hearted professionalism,good-hearted professionalism,"""good-hearted professionalism""","""scores a few points"", ""good-hearted professionalism""",,"dedicated, good-hearted",dedicated and good-hearted professionalism,good-hearted professionalism,professionalism,"scores a few points, professionalism"
96,0,3,3,3,2,1,3,2,4,3,3,3,2,5,3,4,1,3,3,3,2,4,2,2,4,3,2,4,3,2,4,director dirk shafer and co-writer greg hinton ride the dubious divide where gay porn reaches for serious drama .,dubious divide where gay porn reaches for serius drama,director dirk shafer and co-writer greg hinton ride the dubious divide where gay porn reaches for serious drama .,reaches,ride the dubious divide,ride the dubious divide,drama,dubious,ride the dubious divide,dubious,-,dubibous divide,porn,serious drama,director dirk shafer and co-writer greg hinton ride the dubious divide where gay porn reaches for serious drama .,"divide serious, drama",,reaches serious drama,"""where gay porn reaches for serious drama""",ride the dubious divide,dubious,"""ride the dubious divide""","""dubious divide"", ""gay porn reaches for serious drama""",gay porn reaches for serious drama .,ride the dubious divide,dubious divide,where gay porn reaches serious drama,ride for dubious divide,gay porn
97,0,1,3,2,2,2,2,1,2,1,1,2,1,1,2,1,1,2,1,2,1,2,1,1,1,2,1,2,2,2,1,without a strong script and energetic acting,same sleeping-inducing effects as home videos,without a strong script and energetic acting,sleep-inducing effects,sleep-inducing effects,sleep-inducing effects,sleep-inducing effects,without a strong script,sleep-inducing effects,without a strong script,without a strong script and energetic acting,"without a strong script, sleep-inducing",sleep-inducing effects,sleep-inducing,"without a strong script and energetic acting, sleep-inducing effects","without, sleep-inducing","without a strong script and energetic acting, sleep-inducing effects as watching your neighbor 's home videos",sleep-inducing efgfects as watching your  neighbor's home videos,"""produce the same sleep-inducing effects""",sleep-inducing effects,sleep-inducing,"""without a strong script""","""without a strong script and energetic acting"", ""sleep-inducing effects""",sleep-inducing,"without, sleep-inducing",can produce the same sleep-inducing effects,sleep-inducing effects,without a strong script,without strong script and energetic action
98,0,2,2,2,2,1,2,2,2,2,2,2,1,2,2,2,2,2,1,2,1,2,2,2,1,2,2,2,2,1,2,does n't exactly favour the audience .,doesn't favor the audience,a frantic search for laughs,frantic search,does n't exactly favour the audience,doesn't exactly favour the audience,frantic search for laughs,frantic,does n't exactly favour the audience,frantic,does n't exactly favour,doesn't exactly favour the audience,hit-to-miss,frantic,"a frantic search for laughs, does n't exactly favour the audience",frantic,"frantic search for laughs, does n't exactly favour the audience",a frantic search,"""doesn't exactly favour the audience""",a frantic search for laughs,frantic search for laughs,"""doesn't exactly favor the audience""","""frantic search for laughs"", ""does n't exactly favour the audience""",frantic search for laughs,does n't exactly favour,frantic search for,hit-to-miss ration,doesn't favour the audience,doesn't exactly favour the audience
99,0,3,3,2,2,2,2,1,2,1,1,2,2,2,3,3,1,2,2,2,2,2,2,2,1,3,2,2,2,2,2,lazy bloodwork .,may enjoy the free ride,de niro may enjoy the same free ride from critics afforded to clint eastwood in the lazy bloodwork .,lazy bloodwork,"enjoy the same free ride from critics, lazy bloodwork",enjoy the same free ride from critics,lazy bloodwork,free-ride from critics,lazy bloodwork,free-ride from critics,-,"lazy, free ride",lazy,"free ride, lazy",enjoy the same free ride from critics,"lazy, free ride",,same free ride from critics,"""lazy bloodwork""",de niro may enjoy the same free ride from critics,lazy bloodwork,"""may enjoy the same""","""de niro may enjoy the same free ride from critics"", ""lazy bloodwork""",lazy,lazy,lazy,lazy bloodwork,lazy bloodwork,free ride from critics
100,1,4,4,4,4,4,5,4,4,3,4,4,4,4,3,4,4,4,5,4,5,4,3,4,4,3,4,4,4,4,4,intelligent fiction,an intelligent fiction,an intelligent fiction about learning through cultural clash .,intelligent,about learning through,intelligent fiction,intelligent,intelligent,intelligent fiction,intelligent,-,intelligent,intelligent,intelligent,intelligent fiction,intelligent,,intelligent fiction,"""learning cultural clash""",an intelligent,intelligent fiction,"""intelligent fiction""","""intelligent fiction"", ""about learning""",intelligent,intelligent,an intelligent fiction,cultural clash,intellegent,intelligent